Apple 아이폰 13 미니 128GB [자급제],"921,500원",https://cr.shopping.naver.com/adcr.nhn?x=MIGr7hQB1RmR0eXim%2FPFSf%2F%2F%2Fw%3D%3DsB7hNRupn4LlQlgiXsRGf21qhwcrvXz5d1bW2%2F5f%2BegLxTAJR5s3V3RheLYZrm3hTDsgnK7lpNmzhWfDCtlRwp2jPDmi29PPlaoQ8HDPCmqEDItjCk5xiruDDsqalJb90VJ112Rmn4245QTfXgvfd3FVd6Z%2BmZ5fvTALbBBPmfKL392rcVj5mouEkJq8zyckjWMHwtdSUwlGMJoLByIBRRTMYBx1AVSExF%2FJDG79qxZqtOXWLQ5FVamlFAo%2FJOq1i3ImaEC6MPwOT6vbx%2FADpg8v%2BjB2erv%2BZ%2Brrs5VHOiTRLlIk0uAh1LVcUK1nkYRMYxg%2B4lNlGVF1pkR77wrqLMD1nRJ4yoQ1ByXgZXYF4asUr3wpohlrhUETRXnCpgZJOhU13Jz9U7Kq1RxFlFrhbdgp3GmZH8572EBGDELnqRN19jr8eNdNYNsPM9vHnSTJRy0IIO%2Fc7yqmDCGLMmT9WonGwXssWiUWB5AWWes%2FwlZHyNHyBUXwWVD2ki0TxnNzyYFv%2Ba9HsVX9dcl3a34Zk5WhJwSe0ZB3sNy%2FVfhdyGtn6C0XXk8ySaOQ0OaLzzIxFGaWMT%2BY2OigOjbN7m6JbBK%2Fo3Cl9PuGUOrNZCZnY4p8OEsHC78VBLnFZh%2FnDobeN&nvMid=29030650586&catId=50001519
Apple 아이폰 13 프로 256GB [자급제],"1,767,150원",https://cr.shopping.naver.com/adcr.nhn?x=U09LUYSoE1ZF8v%2BJbCqgnf%2F%2F%2Fw%3D%3Dscowf6hrKZpoMpA4sXi1zKDm1RE9z2b4yORVj9izZoH5yoYErd7Wx1dfdVO6hh7qVhyw7mIXarn2ImY4btkqyAeE%2F24CTAr5s4tD5XXksNl6pn2znaV%2FIvbGOvKm5DlH7Gpsha2QvdiRcIOusPtkGS8v%2BjB2erv%2BZ%2Brrs5VHOiTQgGE7%2BZatKjf5hEf1XctkKTT%2FocsSnTqc5cndsp5Os6ZbkCnZt3PKDnGtnPfTpWXW70X%2Bc69RDUtp4VADkWf9%2BENWZxoI0JDXz%2FR5soZTp4d9%2BKy%2Fm0d%2BgYWHtEf61Jo4AUk0tbEb%2BPaAR8Zvsauh4Ts6hUyKXV%2FACqugZ4Axgx5WB2zdZo%2FXc1K%2BTDh2TDJ%2FYe9CsbWrnsboog%2B94RL%2FIqRmBH14lV10Et0WsQWS%2FU4Pk2vryFU100lCcPyTJO%2BBFx37WIyrziE4Ps6WrDu%2FET9Lvfhn9NmZebq06Rt58ve5jnTGDpKGObFTyhFRkGDTL%2FnGINkSYp%2Bd2xAAY7UDnZuR%2BZ455CVM%2FNW%2BY1%2F9iK%2B0MW7gtPa9ntEtuUjC5fzFicchwRNwmJ84TyxvjggzF%2Fwz%2BDXMH%2Bc3%2F%2BciKvK3Oac714EHtDgGPyrutzWjc7AbHICEQpPL7Rm%2B2fyhjEhHR&nvMid=29030492586&catId=50001519
Apple 아이폰 14 플러스 128GB [자급제],"1,282,490원",https://cr.shopping.naver.com/adcr.nhn?x=81SMGcSu%2F3K87ikURuxU1P%2F%2F%2Fw%3D%3DsrwI6J%2Bt9OkYKZuF8hgWMaiBP36SqPaKQMNU7uzRsWq0AjU5j3gjlMYsRq8%2BGHFpSUP1rfTaovAQYnkIt8QeG2YsUZE82RU3zVRD0sL6N8xhp0I9ftxYjdaSrmeQryu5NVYO4Zy0VyfSVwWqwC4SRT99%2BKy%2Fm0d%2BgYWHtEf61Jo5CNclKwvLyA%2Fys%2F%2FHPPajLBQ%2Ba9rNw2KSvUSxgKLCdLGNmcbgLr0lu2cCLGgyX7c%2BveCBZaqYtj1zvPLl5obaRbyQblmAV%2Fxm69oTLQhvIovziKuqi6lvlwe2gIVAf2UAlXTdy6Sn%2F2yromYu89VyUfyOZr5PJk5xArfsnBoU6GkykCR3%2FjqoWnb2hgkVOK%2F9KjRp2D9pkBhcJdqPQCXkTe5%2FcKxpWEMksQWDG%2FPqXtCx81ZAJ95ksVIj3dSD%2FAAMLSv5SYzis5SVdiBAX6a8Rr0k4fbUQlS0YpS9PzGJMP6C3MUep5wkP1uLkvCWbDGIi5HSrzhhCOMWuXdZxvGXvsJT0ZgeEIwOZ5ylMi2bVQzyWWkbBhyacJHP12PNclpQUsqiq%2BaRdh19ZzFGBbFc827A%2Fy9Wcz7EU72Pz6EEGPWk3AW%2FmQzx1hk4GuO3HyFgBNCgGhnJoYyA8V4j2ARcNDVCYCaeglF2rgr1u2OQIzQ%3D%3D&nvMid=34562379623&catId=50001519
Apple 아이폰 SE3 128GB [자급제],"627,000원",https://cr.shopping.naver.com/adcr.nhn?x=ZZubm%2FPq69iFnz4pGFeyCf%2F%2F%2Fw%3D%3DsSW0cY9HRSRmoF5d7uBCTxRmzroTd0pE272ZC5vUMOTRyoYErd7Wx1dfdVO6hh7qVJqyLWN82Czq32cG0HIAsWeE%2F24CTAr5s4tD5XXksNl6pn2znaV%2FIvbGOvKm5DlH7Gpsha2QvdiRcIOusPtkGS8v%2BjB2erv%2BZ%2Brrs5VHOiTQgGE7%2BZatKjf5hEf1XctkKfWh7BKWDCZbCi6SijYv46ZbkCnZt3PKDnGtnPfTpWXW70X%2Bc69RDUtp4VADkWf9%2BENWZxoI0JDXz%2FR5soZTp4d9%2BKy%2Fm0d%2BgYWHtEf61Jo4AUk0tbEb%2BPaAR8Zvsauh4I2%2BYw1qv5HdyQSnow%2Bmk15X3ZIkieXFmaZ0Pch%2BLJHjYe9CsbWrnsboog%2B94RL%2FIChYSYgFFWFAdPnkWUHbaN7PkGVlUcFNcIdFnJ19Q0INFx37WIyrziE4Ps6WrDu%2FEtHbEebTB9ApOldJXZI4igA9Uv7%2BuXk8s9e0jSRo%2Fw%2BSYp14Qx1Ru2bMMjgBrsdBxNn6RP7kC%2Fi2ZdQ6lBnUr2YchnVfknTFqf808NIp%2FBTKfcB%2FbgolXHe3nChWMZAaXEHKOVeYB5PA3IlhkfEdpw%2B4xqtTldMjCPjPAoy%2BYCvwdHI8FZtQVGFZJxOyBDKc%2B&nvMid=31333149633&catId=50001519
Apple 아이폰 13 256GB [자급제],"1,187,000원",https://cr.shopping.naver.com/adcr.nhn?x=%2B58gfy3iU2X%2BIs6PadvKfv%2F%2F%2Fw%3D%3Ds7REFUxz62OAx0TN9i3zvebpQ1Q4D7%2BVlwz0a5mnNpLxyoYErd7Wx1dfdVO6hh7qVCtWHJpXTY8TQv9WtCBaZ8OE%2F24CTAr5s4tD5XXksNl6pn2znaV%2FIvbGOvKm5DlH7Gpsha2QvdiRcIOusPtkGS8v%2BjB2erv%2BZ%2Brrs5VHOiTQgGE7%2BZatKjf5hEf1XctkKBJI0dviJF7aVxSP3I1r8G5bkCnZt3PKDnGtnPfTpWXW70X%2Bc69RDUtp4VADkWf9%2BENWZxoI0JDXz%2FR5soZTp4d9%2BKy%2Fm0d%2BgYWHtEf61Jo4AUk0tbEb%2BPaAR8Zvsauh4%2BDESw5A48odSGJjJvns7%2F4%2BzzZtKV3ZqTkN2d9RQoszYe9CsbWrnsboog%2B94RL%2FI0Xaie43S1ci44hGLx1E05Swa9tqCXVxxJUNNCRNEJVJFx37WIyrziE4Ps6WrDu%2FEbQLuG5aE%2BO4YcNyOyyB8lXUjwQMKHmfZEGs9R%2F5gzgFfxr8e8848S4N3UJ7%2FNlg1GMAPwk7JxAb9rFXeoCEl0HmLaqdkfxryBpSCAqLHIaoIN8V%2BJL3TYw0vmZINmfwUlxt0y9QD7dVkuDtKgWGmxPvsKgz5bJ0oCml6gzRsYQodHI8FZtQVGFZJxOyBDKc%2B&nvMid=29029192591&catId=50001519
Apple 아이폰 13 128GB [자급제],"1,033,500원",https://cr.shopping.naver.com/adcr.nhn?x=pfEXi%2FTpW8Tp73dQqIr2q%2F%2F%2F%2Fw%3D%3DsdzF1iTVwUI83CWQPIKy0Ga3ws%2BNCQGiiRjhgVJ22MrIAjU5j3gjlMYsRq8%2BGHFpScdDhddCt7iupmtWTxat%2BXIsUZE82RU3zVRD0sL6N8xhp0I9ftxYjdaSrmeQryu5NVYO4Zy0VyfSVwWqwC4SRT99%2BKy%2Fm0d%2BgYWHtEf61Jo5CNclKwvLyA%2Fys%2F%2FHPPajL5rmSYJSQ7Q%2FSdegndTkuDGNmcbgLr0lu2cCLGgyX7c%2BveCBZaqYtj1zvPLl5obaRbyQblmAV%2Fxm69oTLQhvIovziKuqi6lvlwe2gIVAf2UAlXTdy6Sn%2F2yromYu89VyU4WCmaI%2BWvL9rHEkx%2FxT2sBG8OF1VOCOZP3KW3peThutKjRp2D9pkBhcJdqPQCXkTTnW3yIF%2Bz51ob0Yyo7%2FKwXX3LwwO%2BgzMfhJbn8Cq19ILSv5SYzis5SVdiBAX6a8RiFsn8y0jIqBOModVs088%2Bs%2FFIf4yGPCeFlgQd%2BW1h9K7A%2F0vSPti8cHY4o2fastwWVz6QJnvUjb5YDp8ElMd3NFYFJalg0Nit1kSq2rmtVj6C0XXk8ySaOQ0OaLzzIxFEbJyo20P9gQI4d1kWYXzTGQk7i4c91tgtvz3RZJxp%2FyFbDf4gHI5rSMJU1BWcIOg&nvMid=29030374587&catId=50001519
Apple 아이폰 13 미니 256GB [자급제],"1,056,390원",https://cr.shopping.naver.com/adcr.nhn?x=cvPm9Ii%2F6FyUioB7IeIuef%2F%2F%2Fw%3D%3Dscla9YXKpfAN7DdEnAQDe%2BcVf51U2qX53l%2F%2Bq644Q%2Fn1yoYErd7Wx1dfdVO6hh7qVH4zGKWbLSL5nZFvZ7%2FoVdeE%2F24CTAr5s4tD5XXksNl6pn2znaV%2FIvbGOvKm5DlH7Gpsha2QvdiRcIOusPtkGS8v%2BjB2erv%2BZ%2Brrs5VHOiTQgGE7%2BZatKjf5hEf1XctkKH44md2DnHUZj1xMBh7dKLJbkCnZt3PKDnGtnPfTpWXW70X%2Bc69RDUtp4VADkWf9%2BENWZxoI0JDXz%2FR5soZTp4d9%2BKy%2Fm0d%2BgYWHtEf61Jo4AUk0tbEb%2BPaAR8Zvsauh4nohKA8hj%2F0Djoqjtbn2Zfxf5NdQr1K2kSpVAIY%2FD26zYe9CsbWrnsboog%2B94RL%2FInkmENQkuyKFe20%2FN7lym3pL9mD5%2BSeM0mpFWNttuOlBFx37WIyrziE4Ps6WrDu%2FEC%2BPCK4hWZVak%2FmlGHuf2bO5jnTGDpKGObFTyhFRkGDTL%2FnGINkSYp%2Bd2xAAY7UDneHSNumWyaFIS3P3jX%2BjABxueR8svJA0zD3yv6%2FFkthxicchwRNwmJ84TyxvjggzFdnWnFvMBQ%2Fu2MUSVFk73isF4Ei8nxX%2BwaoKFiFgSfIHNjqh%2FZemCCOboDhnweAmG&nvMid=29030437590&catId=50001519
Apple 아이폰 12 미니 128GB [자급제],"752,990원",https://cr.shopping.naver.com/adcr.nhn?x=6CK3M6wxPbv3ZQIlMQfXQv%2F%2F%2Fw%3D%3DsAmKDZk%2FRoFd4ZGr9fXH6%2BJk7re5y%2Bk%2FrfgrcK7jGQejxTAJR5s3V3RheLYZrm3hTXK2slNqTaXpxA5BB1z2UeGjPDmi29PPlaoQ8HDPCmqEDItjCk5xiruDDsqalJb90VJ112Rmn4245QTfXgvfd3FVd6Z%2BmZ5fvTALbBBPmfKIs4LwOhnQFpCqQ9mUlHkBKH0AyG5e8MBJusyhkNRHaUzMYBx1AVSExF%2FJDG79qxZqtOXWLQ5FVamlFAo%2FJOq1i3ImaEC6MPwOT6vbx%2FADpg8v%2BjB2erv%2BZ%2Brrs5VHOiTRLlIk0uAh1LVcUK1nkYRMYD7pHTPdNt0fzlJc6EX2KqT1nRJ4yoQ1ByXgZXYF4asUr3wpohlrhUETRXnCpgZJO0XCn170%2F9nYGtwWVkv6QYAp3GmZH8572EBGDELnqRN19jr8eNdNYNsPM9vHnSTJRkWG7WY2ni%2FO80R2mxhSGyXGwXssWiUWB5AWWes%2FwlZHyNHyBUXwWVD2ki0TxnNzyM%2BtriWJ4EDyafnZUz%2B6zv7N%2Bhwmq5pNn%2BBricgDRZ%2Bj6C0XXk8ySaOQ0OaLzzIxFtBsWSZV6NtlY9dWbrTr1JK%2Fo3Cl9PuGUOrNZCZnY4p8OEsHC78VBLnFZh%2FnDobeN&nvMid=24452740523&catId=50001519
Apple 아이폰 13 프로 128GB [자급제],"1,600,400원",https://cr.shopping.naver.com/adcr.nhn?x=vIz2ndwAf2DU6%2FQzch65M%2F%2F%2F%2Fw%3D%3DsL8GrLJ2ETgz5LnmPXcLuv3nWpOJyVLr7IPu%2FMHQ%2FUyRyoYErd7Wx1dfdVO6hh7qV%2FtJKzZVrggrZpqS6ZBDxQuE%2F24CTAr5s4tD5XXksNl6pn2znaV%2FIvbGOvKm5DlH7Gpsha2QvdiRcIOusPtkGS8v%2BjB2erv%2BZ%2Brrs5VHOiTQgGE7%2BZatKjf5hEf1XctkK2geXZy3Q9F6n45539rDBRZbkCnZt3PKDnGtnPfTpWXW70X%2Bc69RDUtp4VADkWf9%2BENWZxoI0JDXz%2FR5soZTp4d9%2BKy%2Fm0d%2BgYWHtEf61Jo4AUk0tbEb%2BPaAR8Zvsauh4zHlV1h%2BAGo%2BBP1u1T6TsYfw8efJfxFq2qwkioIMCKqrYe9CsbWrnsboog%2B94RL%2FIMipe1ZpQEOAEvSqMUdfV0YRe7uHgyNF3WXsM9BHB6lpFx37WIyrziE4Ps6WrDu%2FET9Lvfhn9NmZebq06Rt58vUG1YDduCsIlNU81UtgkO9rL%2FnGINkSYp%2Bd2xAAY7UDnI9YozZmT2qQVLUjCW%2F4%2BI2zbLraRMgdhxFqKPJ5h%2BW9icchwRNwmJ84TyxvjggzFvihGssu4vQe0IM5FJ%2FLCtZhxv8N6YOsOdcdbn3gIPx7HICEQpPL7Rm%2B2fyhjEhHR&nvMid=29030420587&catId=50001519
해외아이폰14 Pro / Pro Max iPhone14 미국직구 무음카메라,"1,779,000원",https://cr.shopping.naver.com/adcr.nhn?x=WkyTL2AiuzU%2F7TLEsylQLf%2F%2F%2Fw%3D%3DsZAT5Hzz2goN%2BrLJNT59brOXn6ghrvlKBXsROcR%2F8MuVyoYErd7Wx1dfdVO6hh7qVnY7YfFySjuetaYeRkoEf6uE%2F24CTAr5s4tD5XXksNl6pn2znaV%2FIvbGOvKm5DlH7%2Bofpi05P1AkATDcRczeYV8VIhUTYq2J1wF4XcKD2AOWkOA3ZateG%2FY8eKxwX1E0NdWZJqSOTT%2FIaXIyvTPN0UNyJmhAujD8Dk%2Br28fwA6YPL%2Fowdnq7%2Fmfq67OVRzok0S5SJNLgIdS1XFCtZ5GETGM310XujFdINs8PFxGC5wMTeSqpidz%2FMWkXZkT8hiyfO2HvQrG1q57G6KIPveES%2FyAFxkEHVCj8tTyV9rYCxGzK1XYnVqa53rQyFPJQBniBkMkHGvxtfiydvMiN7u5BNxmVFzLFIMQNpviKfiWfL8Up2XnoL8u1S4%2Ff8ChL1jwWOj7gi3mxyhtzVAxb3OuOUD6Ra56zl%2BZQ%2FdctuY1UQGKtZRriq0h7xs59d0PwVfAHGraUKSWAkpf77XQv51z1BSbjSSHFYI9vo2j73tmbDCG5KopTf8kI4IsHTlfvvUsfZ%2FVT%2By4udUTOSdev5ygczDlaFndIwdNwuWmKtx1HNSCrUkiyUGZ3FpPHvE7X48%2Bhb&nvMid=83251553577&catId=50001519
[아이폰] 애플 아이폰14 프로 256GB 미개통 새상품,"1,694,000원",https://cr.shopping.naver.com/adcr.nhn?x=Md%2BCWjWavgirwGcg6hqckv%2F%2F%2Fw%3D%3DsSPkSB8cXu5OGYC6jeQUy6KU0W5XnxA8dNxBk1E9OW%2BZyoYErd7Wx1dfdVO6hh7qVe0utb5cwQHbqwte5dBbkMeE%2F24CTAr5s4tD5XXksNl6pn2znaV%2FIvbGOvKm5DlH7FJY3Y2UQKkWXN1z6Mr0XId%2B5CcYT6i7R71k9hGw5oerHaRPVsse2J3%2FKtbqGlV34s4PxzUzI2Oc23YAEU0dtMWV81qqXgnVz6x3bGg6RhQd%2B4u5QyQU2Pnnpec%2B5TeNu%2F6Ko6CiZ1dJA1DjEv7D5%2BB6R3%2Fs0loIYp6B0EEijruKrilkDeG%2B1rLU11UaeFf3disext5K2yYkF868rsMDqiWdq3TXzcX1wQ%2BXDRnr6jfBTDblEzPjZ3sv%2B6dkyJ83fx72P1MzfeDsyK%2BcBtz34gPxFLGMtZgMBMj2Du%2FTB3H9f1qknqMNHRPP3W%2FQYAydOH5rWXXtYasaxtbD1PkSXAixZGCsjRrdvBtIgJWtAMZlVAwb8WVtvyLHhp2AzgnTDpdNa%2FC0F7i50VH1u1eAoesT4LNhk1f3YB6aFMHGZazb2h9zLKSEieabnnObhdMJOqUF0ZACeu7AyCbOnquAw1NzUJBAbdwR432HOgZbXOMIPuQwx9OUOtBnBYNXzkDDeZhl6H6UMbSsM63m%2FLapT1wMbSW63nzZiqIsR1rk9%2FZuCqA6%2BrrPkSkQjk3bFq%2FUy&nvMid=34962648323&catId=50001519
Apple 아이폰 12 미니 64GB [자급제],"693,990원",https://cr.shopping.naver.com/adcr.nhn?x=lYlMwrWHSx9NTjaDPsz5TP%2F%2F%2Fw%3D%3DsU6mWiVmxa9gi3pF5bym2cscHauBZRxt21wcgG0FObqoAjU5j3gjlMYsRq8%2BGHFpSB%2Bnv%2FKH1mZWk7gSpK6HvdosUZE82RU3zVRD0sL6N8xhp0I9ftxYjdaSrmeQryu5NVYO4Zy0VyfSVwWqwC4SRT99%2BKy%2Fm0d%2BgYWHtEf61Jo5CNclKwvLyA%2Fys%2F%2FHPPajLHeVn8GLuTzBR5rssHEqmqGNmcbgLr0lu2cCLGgyX7c%2BveCBZaqYtj1zvPLl5obaRbyQblmAV%2Fxm69oTLQhvIovziKuqi6lvlwe2gIVAf2UAlXTdy6Sn%2F2yromYu89VyUpeJknGAloxfoBFADyIM%2Fo9Abp7khSw4f6%2BpzgM%2Ba%2FadKjRp2D9pkBhcJdqPQCXkTSAWRs5GSW480SnyLMXxMyx8ExXfXuhCiuU4yObXjzvULSv5SYzis5SVdiBAX6a8Rn4HXV%2Fn3nqoELYMBtRBe%2F6y1j6uI8lUkqBBETgvbMbklDv77rgQoH8LCOsgmhGGje7yKf3ipX1MCuwJRZuJukwQSX93XFDVr2suSzc1%2FgVWIDf9TYDOC4LzgCehLsur55ekUg3hDulcroxAoD1fGh0TxOmJARammHKre96oM2Xbke%2FVP%2BgM94BPZkP5YJ%2Bex&nvMid=24450995542&catId=50001519
Apple 아이폰 SE3 64GB [자급제],"579,490원",https://cr.shopping.naver.com/adcr.nhn?x=WUDICPdQLmPXM%2BP0FqOcQ%2F%2F%2F%2Fw%3D%3DsJUfDKTPFEBTA8dgtd8cSFbo8FEAonuIw0Mh6HW7SDjdyoYErd7Wx1dfdVO6hh7qVFCYNyIxcKXLCMrmLpP9t3OE%2F24CTAr5s4tD5XXksNl6pn2znaV%2FIvbGOvKm5DlH7Gpsha2QvdiRcIOusPtkGS8v%2BjB2erv%2BZ%2Brrs5VHOiTQgGE7%2BZatKjf5hEf1XctkKDEQctpIcP96LsP16O8999pbkCnZt3PKDnGtnPfTpWXW70X%2Bc69RDUtp4VADkWf9%2BENWZxoI0JDXz%2FR5soZTp4d9%2BKy%2Fm0d%2BgYWHtEf61Jo4AUk0tbEb%2BPaAR8Zvsauh4YfsNPC137%2BfBh3QwI%2BnNGGxlbSoyVMVAG%2FXqzt%2FYtsTYe9CsbWrnsboog%2B94RL%2FIR3ZREq33DRVwusqnJBvS4b8wIJJV9wF0w%2FCmcYBtcbpFx37WIyrziE4Ps6WrDu%2FEQLKFG0dz3C9nM0j%2BHnkiSXUjwQMKHmfZEGs9R%2F5gzgFfxr8e8848S4N3UJ7%2FNlg1mf%2Fs7oHIDQho%2BWCs8E9QODNcui1fOpunmy1XTVBSfpyNeHlcuOtPz%2FJcXVSF2K7jAE2NoQo88fGToejx8g1Ub%2B4xqtTldMjCPjPAoy%2BYCvwdHI8FZtQVGFZJxOyBDKc%2B&nvMid=31334394619&catId=50001519
Apple 아이폰 13 프로 512GB [자급제],"1,759,990원",https://cr.shopping.naver.com/adcr.nhn?x=XizWJ5K1RlOlHxDMXhPgOP%2F%2F%2Fw%3D%3DsISFdGxwLhWGyxypr8M55EUW3S7R2g%2BEFzqGISl1pKkRyoYErd7Wx1dfdVO6hh7qVdt1%2F7yh73FldKQz2nH60T%2BE%2F24CTAr5s4tD5XXksNl6pn2znaV%2FIvbGOvKm5DlH7Gpsha2QvdiRcIOusPtkGS8v%2BjB2erv%2BZ%2Brrs5VHOiTQgGE7%2BZatKjf5hEf1XctkKNFREFE4RmsfSignvaSrF05bkCnZt3PKDnGtnPfTpWXW70X%2Bc69RDUtp4VADkWf9%2BENWZxoI0JDXz%2FR5soZTp4d9%2BKy%2Fm0d%2BgYWHtEf61Jo4AUk0tbEb%2BPaAR8Zvsauh4hr9k%2Fo9Lf3o53XHfyqMU7gVWhUWDXNmZD5MHoIYFKkzYe9CsbWrnsboog%2B94RL%2FIoMx5FtgI%2FdkFjOJyFrUSfYRe7uHgyNF3WXsM9BHB6lpFx37WIyrziE4Ps6WrDu%2FET9Lvfhn9NmZebq06Rt58vdYrmhd6z3mr51lBlAzJFvLL%2FnGINkSYp%2Bd2xAAY7UDnMgw5RnrDtRIbB51H7ojD7ThPsp%2FibnyP6VurqtF42rpicchwRNwmJ84TyxvjggzFNlLFlBiQNEO88cgvtT1TT6UpMn4D665LmEDjHdoIqR3ke%2FVP%2BgM94BPZkP5YJ%2Bex&nvMid=29030416587&catId=50001519
Apple 아이폰 13 프로 맥스 256GB [자급제],"1,891,500원",https://cr.shopping.naver.com/adcr.nhn?x=vRdaOqu5bCi5fEr0LUGcs%2F%2F%2F%2Fw%3D%3DsAGdsd2O59kdHrtZdP1DlqlQ061PqVkPit1GP3HoWssJyoYErd7Wx1dfdVO6hh7qVbuSXjQOpjoXKRSoF97YEeuE%2F24CTAr5s4tD5XXksNl6pn2znaV%2FIvbGOvKm5DlH7Gpsha2QvdiRcIOusPtkGS8v%2BjB2erv%2BZ%2Brrs5VHOiTQgGE7%2BZatKjf5hEf1XctkK%2FKNqv4IElur67jOnMrLMW5bkCnZt3PKDnGtnPfTpWXW70X%2Bc69RDUtp4VADkWf9%2BENWZxoI0JDXz%2FR5soZTp4d9%2BKy%2Fm0d%2BgYWHtEf61Jo4AUk0tbEb%2BPaAR8Zvsauh4soypz2p6C%2FsNSM%2FnLTWB4kaTV8UjUvhory9bQ%2F0rkjHYe9CsbWrnsboog%2B94RL%2FIhabsOu3IHJ1gAvReiRuw%2BINhlwoJ5gfJg5spv6ariDRFx37WIyrziE4Ps6WrDu%2FET9Lvfhn9NmZebq06Rt58vV0fDlSAF91N8n%2FUdh9H9zLPU6pntGCurhu%2FV8uonTYh5X6MB3JdbnBohOi8QY2msn819UMyeMajGBzkm2AMeuLdlzc3Xwq5B3nDIt33jRJgZq5ieQIRcSos8l9CjsJM6u6yE57rzgoBMcRq87uqw6C15sbOKhKZmzM40c54zxVLQdAiJdwXirBRdnaxfvrBbw%3D%3D&nvMid=29030294588&catId=50001519
Apple 아이폰12 프로 256GB [자급제],"1,480,000원",https://cr.shopping.naver.com/adcr.nhn?x=KpgP0hHuNOik7rVgyPw4Gf%2F%2F%2Fw%3D%3DsJOHPBbBYDmg3opJa6f8pXU5aQBFrK%2FILeZpZnLdMb%2B%2FxTAJR5s3V3RheLYZrm3hTzB1N4Sv%2BVOVgG2ZJNONJNGjPDmi29PPlaoQ8HDPCmqEDItjCk5xiruDDsqalJb90VJ112Rmn4245QTfXgvfd3FVd6Z%2BmZ5fvTALbBBPmfKIs4LwOhnQFpCqQ9mUlHkBKX%2Bb%2BQ1E6fo1rri8IiMiDIzMYBx1AVSExF%2FJDG79qxZqtOXWLQ5FVamlFAo%2FJOq1i3ImaEC6MPwOT6vbx%2FADpg8v%2BjB2erv%2BZ%2Brrs5VHOiTRLlIk0uAh1LVcUK1nkYRMYZJOa%2Fk0gnNEQczOeJG1qmj1nRJ4yoQ1ByXgZXYF4asUr3wpohlrhUETRXnCpgZJOeB9BnpQOj93K5Mz%2Bi1usXAp3GmZH8572EBGDELnqRN19jr8eNdNYNsPM9vHnSTJRRwKYG4nqOBWrZTfSiQkqVc%2FFIf4yGPCeFlgQd%2BW1h9K7A%2F0vSPti8cHY4o2fastwpqkHdwUNFqIaAWHY4zZMi2PzxLTfFl9DWOrpZj%2F8uTf6C0XXk8ySaOQ0OaLzzIxF92%2BwO6GUYIcvnQhc01K5UzlSsDe5zcjJfbmrWJ%2FSmUvLVWGr8fvvH1mWvUgXPK6j&nvMid=24452731530&catId=50001519
애플 아이폰14 프로 256GB SKT 기기변경 선택약정 89요금제 사전예약,"1,615,000원",https://cr.shopping.naver.com/adcr.nhn?x=yTKdWHenA5auH7zhMDwmdP%2F%2F%2Fw%3D%3DseiHsJL0UuJduOH%2F08qGvBwdfqjbI8awFgVcaym2Gz4nxTAJR5s3V3RheLYZrm3hTK5Gwx3CIVqoFyrIM4NHPxmjPDmi29PPlaoQ8HDPCmqEDItjCk5xiruDDsqalJb90Q8clOVLsTnQISOuIKrvizvllpa1mjfFfIOd0Cvm1kzaPTZ7fc4Yy4iDtYGueaYnDq65RJXQbNnbya3bP9pygZMSkMMLIT2ESQmntN7d7HEUisdFPse1PG7sD0oyIc%2FXxtoJQYQPAIjxGoucYQ1fBBoi7LEUs4hI3sAivSNrRqa7wCxkjemDGRnYgTt6vJhCZ6Q0DsNvDc5yWWyjIFKE8FKsJF1TG8DXvuOXRWh2aiSE1QmeK3ZPITzKHcbEnR%2BI81o09d2W1ibmIEawZf43J7Vs2%2FgaWzhlI3qPBO7mL2FpXfqiCwBtPYYwEdSt6i2JA9S7tW2d5kKj3BxqA669cTYQ2MKRpnuhTCUd%2B1YqyQeiCZx0msog9Vp1L%2BGY8o4WjmXjg8r94sTJTXT12wzRcea%2FraPHCgHf6GHlanh8D0XZBFMB6OH5zW75jiGXHZud2CaOHsznrm0A6U8o0WSM490vYGy%2BK0uFST72xVfErX%2FNowBh7piY%2F85tIpG84Uj3l01z1KeJQihsx5A2KggglbLk9yx2LE4ozzid%2FD5Tsgrqcy9%2BE5xA%2FvVfWSFDYuHO3xfFXbLrpXW6EdFG8YWSU2TocllCCMjxVKVs7VHzzMnYNUJgJp6CUXauCvW7Y5AjN&nvMid=34564078033&catId=50000246
Apple 아이폰 14 128GB [자급제],"1,187,490원",https://cr.shopping.naver.com/adcr.nhn?x=sDI5WYe25gAakMC1cklxkf%2F%2F%2Fw%3D%3DsvheFpe%2FSJHpzT0pMIJ4FqkNwnR8fg3SB4Tkdxwpj8axyoYErd7Wx1dfdVO6hh7qVEFn2n1wtZejmv9AijCs5DeE%2F24CTAr5s4tD5XXksNl6pn2znaV%2FIvbGOvKm5DlH7Gpsha2QvdiRcIOusPtkGS8v%2BjB2erv%2BZ%2Brrs5VHOiTQgGE7%2BZatKjf5hEf1XctkKlao1AqpKzTwMiVTMTl7u3ZbkCnZt3PKDnGtnPfTpWXW70X%2Bc69RDUtp4VADkWf9%2BENWZxoI0JDXz%2FR5soZTp4d9%2BKy%2Fm0d%2BgYWHtEf61Jo4AUk0tbEb%2BPaAR8Zvsauh4APJQVMWVT%2Fi%2Bck7syY3LcNpduLZfRx5sPAsdXNZeWBbYe9CsbWrnsboog%2B94RL%2FIcPlMgcUjWU64MQd9W%2BRwd3w644bL9NA6sPWs92IrdCBFx37WIyrziE4Ps6WrDu%2FEUo5O4k%2Ftfy7rFB9rOU6J4HUjwQMKHmfZEGs9R%2F5gzgFfxr8e8848S4N3UJ7%2FNlg1hzauOAh1ZOODHaZbu%2FCgetdolDXYq2LmwZULLJp3zLJXdLIQl3Egg54C4G%2BoFZ1jFW%2BIZXzCyvOzywTyiDWPfgwMUh6pfwJWdf53k1v9bGiCqA6%2BrrPkSkQjk3bFq%2FUy&nvMid=34561821618&catId=50001519
Apple 아이폰 12 64GB [자급제],"849,900원",https://cr.shopping.naver.com/adcr.nhn?x=6Y1rc2Tnq5w0NoqmATnaXf%2F%2F%2Fw%3D%3DsyI7nKFYv5eZYmQ5xsmvEUscJa7W%2BOAQ6fjSuALyttzNyoYErd7Wx1dfdVO6hh7qV%2BaIKqfgBQ3JvfygSfpiUMOE%2F24CTAr5s4tD5XXksNl6pn2znaV%2FIvbGOvKm5DlH7Gpsha2QvdiRcIOusPtkGS8v%2BjB2erv%2BZ%2Brrs5VHOiTQgGE7%2BZatKjf5hEf1XctkKqXz5RUKnWQtutrAniRmkfJbkCnZt3PKDnGtnPfTpWXW70X%2Bc69RDUtp4VADkWf9%2BENWZxoI0JDXz%2FR5soZTp4d9%2BKy%2Fm0d%2BgYWHtEf61Jo4AUk0tbEb%2BPaAR8Zvsauh4399pHHWfceQE%2B9KtaNMnZMk4%2FWObH3eTzFKoXcQMyx7Ye9CsbWrnsboog%2B94RL%2FIGFC%2Fy2fpRUYsMoRjn2vczYxeAVJCuM0Y9TruIeaJMzRFx37WIyrziE4Ps6WrDu%2FE6ZDPEptShAaUg7ybE6i1ZOUTzQo3Bt83F6RCwYl6NGSxNeHN4qTKfCVXmIbjZtTDmd41%2F1ytfKNGimExDB7OB55SmZZGNBHHQC9MTyB4x3UqL9Hqyg37iIlC98ucnbDj65GhhXoZEsusCwWUBjQD8rXmxs4qEpmbMzjRznjPFUtB0CIl3BeKsFF2drF%2B%2BsFv&nvMid=24452854524&catId=50001519
아이폰 사전예약 14 프로 256GB 자급제 실버 GS,"2,090,000원",https://cr.shopping.naver.com/adcr.nhn?x=rqTjX2XrpMMw7x%2F34lLBfP%2F%2F%2Fw%3D%3DsSqX1%2Fn7US1jwuApBTDvsA48yLfJYEhdvVd9Rzx6d4uXxTAJR5s3V3RheLYZrm3hTWVNwau0xNVsWL8rMHXcdlGjPDmi29PPlaoQ8HDPCmqEDItjCk5xiruDDsqalJb90570ndagl1KzllvinCxFb4TYQCqKYyHOlJleNSXKaCHXgRW23Ap24ECMNIFwuDVz9ehtoyargXbEY7bEJOQkrlhEqYnhurZZ8Vf%2Bvf69Dpl5bfcY%2F6W7xDky29djyNY3QanNoyuqmYg7A24FvOCX0ISHNdXxzEL2DhLQMUaxBeqdQypJ7K57E5lxcaNXGbiEigGwmPNX%2Fe%2BXkuZ30duRQYj%2FN1gL%2FBgCKENDMCz1nm%2F09gQOsvZv35RcN6yLvU7fNT5VW%2FMGSBkp0BKHxHFYnBzbiOCxU2NlqhbSF67jzh9lXAD%2BN2lmTwayPOsb9jmwUeTxswSpjtmly9xBJ22QymACdl4P73wz92qCPCfmjGVJovIvKrM1IEeOpyaROXLdO%2Bk442tBgGmFXnzB7d62WYwxcASRtKzZ6w0c5KyCmd8mFQcALNDudiNCOwKXLUJAEzGwTsctMLBOaSV5GIQcBExohtPjA9PZFWriSd2EhWtReioDac8jk3%2FpI7ub52ovlqxAxQ1mt%2Fy2fFuGtZst7XctVYavx%2B%2B8fWZa9SBc8rqM%3D&nvMid=34608447857&catId=50001519
Apple 아이폰 12 128GB [자급제],"1,020,000원",https://cr.shopping.naver.com/adcr.nhn?x=YEg5fRFC7oz8LKnlaxzGlf%2F%2F%2Fw%3D%3Dsaz99znStxr%2FwMDh%2F%2FUfk9EREbOydYsL5syjX7znoXsbxTAJR5s3V3RheLYZrm3hTXkvA6nX%2FiwXdVZT2cbp0HGjPDmi29PPlaoQ8HDPCmqEDItjCk5xiruDDsqalJb90VJ112Rmn4245QTfXgvfd3FVd6Z%2BmZ5fvTALbBBPmfKIs4LwOhnQFpCqQ9mUlHkBK5Zqznt71%2FkXi1HCUX%2FC6dTMYBx1AVSExF%2FJDG79qxZqtOXWLQ5FVamlFAo%2FJOq1i3ImaEC6MPwOT6vbx%2FADpg8v%2BjB2erv%2BZ%2Brrs5VHOiTRLlIk0uAh1LVcUK1nkYRMY%2FxeMETe8DjH6Y5edQw8Nyz1nRJ4yoQ1ByXgZXYF4asUr3wpohlrhUETRXnCpgZJOSOgyCHh99dTIV7AaBjxBuwp3GmZH8572EBGDELnqRN19jr8eNdNYNsPM9vHnSTJRltcJd8rzMahqt3KVMZZCfyLkdKvOGEI4xa5d1nG8Ze%2BT0vqu3RI5WxSxzkTKUZ2VNewC4Xbe2vjs3fIBRifFJ6Fhn%2BEj%2BQ3ziN7qT%2F5t%2FJcTrGXFErG9Ds4RDTtibLVqT4badVznjPRovY%2Fmggt%2FH7UYryo%2FmwoJtjdPFv9UBu8GruH08DlKshetxY8KUEZb&nvMid=24452875523&catId=50001519
Apple 아이폰 12 프로 맥스 128GB [자급제],"1,480,000원",https://cr.shopping.naver.com/adcr.nhn?x=oWUk8GerYBokcUMIN%2FU4av%2F%2F%2Fw%3D%3Ds6q%2Ba%2FryLTfMBIlQn%2Fj62U1IDKZu8N6y9rrpmD0uoaIdyoYErd7Wx1dfdVO6hh7qVy3vEDYqzT5Xq5O%2FVUh1PM%2BE%2F24CTAr5s4tD5XXksNl6pn2znaV%2FIvbGOvKm5DlH7Gpsha2QvdiRcIOusPtkGS8v%2BjB2erv%2BZ%2Brrs5VHOiTQgGE7%2BZatKjf5hEf1XctkK76NqShOHTbrHnOvIjMsIPZbkCnZt3PKDnGtnPfTpWXW70X%2Bc69RDUtp4VADkWf9%2BENWZxoI0JDXz%2FR5soZTp4d9%2BKy%2Fm0d%2BgYWHtEf61Jo4AUk0tbEb%2BPaAR8Zvsauh444N0aZ6Olci9EpvGeDdwbDcGX5E876GYLSOSxRVRmdDYe9CsbWrnsboog%2B94RL%2FIL2IKY3izvlPy3BbiZfIY8LXLdopHl%2FAe3rfAfSbJNjdFx37WIyrziE4Ps6WrDu%2FEH2%2FzLgPmkyFYWA1g1A5CGYkgzN6tL5dh4yvsrQ4tB4rPU6pntGCurhu%2FV8uonTYh5X6MB3JdbnBohOi8QY2msoThFDW%2B00h9vvGMFr5VA3LDamim%2BTkfHK2Nuua%2BC5jE2XM2DwswaLz0UgWJfbVUHOdX91lqMet7jFIgv%2B1irya15sbOKhKZmzM40c54zxVLQdAiJdwXirBRdnaxfvrBbw%3D%3D&nvMid=24453088526&catId=50001519
Apple 아이폰 14 256GB [자급제],"1,329,990원",https://cr.shopping.naver.com/adcr.nhn?x=nFyhyx0K4L0hRtZk6t%2Bsz%2F%2F%2F%2Fw%3D%3DsJUzp5bYpVyKOr6aUDmqCBurb5AekXJoPhPtmQl9vAN5yoYErd7Wx1dfdVO6hh7qV3kxgMzwyfgXo1PGQ%2Fb%2BYk%2BE%2F24CTAr5s4tD5XXksNl6pn2znaV%2FIvbGOvKm5DlH7Gpsha2QvdiRcIOusPtkGS8v%2BjB2erv%2BZ%2Brrs5VHOiTQgGE7%2BZatKjf5hEf1XctkKAvBFvrYrhycED%2BmS5gEARZbkCnZt3PKDnGtnPfTpWXW70X%2Bc69RDUtp4VADkWf9%2BENWZxoI0JDXz%2FR5soZTp4d9%2BKy%2Fm0d%2BgYWHtEf61Jo4AUk0tbEb%2BPaAR8Zvsauh49rlU%2FPzRep84xKxhlh0bF%2Fn2hoToqsJNjv3JeVHwl5TYe9CsbWrnsboog%2B94RL%2FI7GwwAMaHWCWUzOdAbGJxmXNwfMtEj5ZuMkdeKlrZGA5Fx37WIyrziE4Ps6WrDu%2FEhEmQzg0oHJoh1HYEPiL4iHUjwQMKHmfZEGs9R%2F5gzgFfxr8e8848S4N3UJ7%2FNlg1tiIXV0GiR2uNCQwOELC5fXnaA2iT9LJ%2B97t90M8W9EigDHAsUV9DgTX20o9BgqTWOFgZSxc8bXWf3i1J83omwAwMUh6pfwJWdf53k1v9bGiCqA6%2BrrPkSkQjk3bFq%2FUy&nvMid=34563811621&catId=50001519
Apple 아이폰 13 프로 맥스 512GB [자급제],"1,899,990원",https://cr.shopping.naver.com/adcr.nhn?x=R87Po2Qk0T6VCHH2WWUVsv%2F%2F%2Fw%3D%3DsZ71VB0BUrpuNPKsjxq3nIirl%2Bj5q2ACwx8MYynIn4c9yoYErd7Wx1dfdVO6hh7qVp5UC%2BjA4%2Fg4QZ7SW42DKduE%2F24CTAr5s4tD5XXksNl6pn2znaV%2FIvbGOvKm5DlH7Gpsha2QvdiRcIOusPtkGS8v%2BjB2erv%2BZ%2Brrs5VHOiTQgGE7%2BZatKjf5hEf1XctkKwzZoEE1irv0jVFjUiTpIZJbkCnZt3PKDnGtnPfTpWXW70X%2Bc69RDUtp4VADkWf9%2BENWZxoI0JDXz%2FR5soZTp4d9%2BKy%2Fm0d%2BgYWHtEf61Jo4AUk0tbEb%2BPaAR8Zvsauh4jFau6lbuEMbhTNxAvs9NvtvLbfhhIuswbMbDKMD2h9%2FYe9CsbWrnsboog%2B94RL%2FI0Xaie43S1ci44hGLx1E05YPk2vryFU100lCcPyTJO%2BBFx37WIyrziE4Ps6WrDu%2FET9Lvfhn9NmZebq06Rt58vUK94HazsIJk%2FjsIwcFBS2bPU6pntGCurhu%2FV8uonTYh5X6MB3JdbnBohOi8QY2msoGpWye3io50D9ChPTUm4I%2FLtD%2BflYcx6RNXB2X3qNkX1ESNQ3kKnipLhgHnsqNjmUjsnsmdiBlOvXRC7NdhkJy15sbOKhKZmzM40c54zxVLQdAiJdwXirBRdnaxfvrBbw%3D%3D&nvMid=29029192586&catId=50001519
Apple 아이폰 12 프로 128GB [자급제],"1,299,900원",https://cr.shopping.naver.com/adcr.nhn?x=fOAdvSJXSSAB3clby%2By%2Bc%2F%2F%2F%2Fw%3D%3DsNM33nItym6SCTooqKdXNCSDrvxEWSzgkLnzp2EIonT0AjU5j3gjlMYsRq8%2BGHFpSneAi6ieibW0FbFJYaWrmzIsUZE82RU3zVRD0sL6N8xhp0I9ftxYjdaSrmeQryu5NVYO4Zy0VyfSVwWqwC4SRT99%2BKy%2Fm0d%2BgYWHtEf61Jo5CNclKwvLyA%2Fys%2F%2FHPPajLjYKs5yWMiKsdkIxFiDd6KmNmcbgLr0lu2cCLGgyX7c%2BveCBZaqYtj1zvPLl5obaRbyQblmAV%2Fxm69oTLQhvIovziKuqi6lvlwe2gIVAf2UAlXTdy6Sn%2F2yromYu89VyUYGT2oPDTCFAIsJu%2F3uzJ%2BrjtuK221QKUlXExQ4l1F51KjRp2D9pkBhcJdqPQCXkTuI%2Foc5WHN0CM8s9Wxvx8VT%2FmIGUAkVP5LM9N%2BOedeSALSv5SYzis5SVdiBAX6a8RkL6tBhuv5Gv7OmYrUXC2E9k1xvoMK6DU755KCZVIEumZZd0C6e2Zyps4U6T5DErB%2FtcMtEzEZyOt9WDohmS739UuC2uLJZQ3n%2BPXu3%2BsPnWtqaMHAJkj0DAJXiYJNZCZDEe%2BuZIFOpUpxqmOZbNrLgnRdbf3pwF2i7pr5No1ccADfkLIyuldBS3f8m8e6nLmzUhNzs2VE%2B%2Bisqs3JAEppg%3D%3D&nvMid=24452979523&catId=50001519
Apple 아이폰 13 미니 512GB [자급제],"1,317,400원",https://cr.shopping.naver.com/adcr.nhn?x=6S8%2F8mL0GC%2BhSyd%2FJYvQIf%2F%2F%2Fw%3D%3DsQZxnN9LsYM3S1iddiaB5P6MQMxK7lfhq4UybHUry2FAAjU5j3gjlMYsRq8%2BGHFpShPF8e3P89uDMWipN5omU%2BosUZE82RU3zVRD0sL6N8xhp0I9ftxYjdaSrmeQryu5NVYO4Zy0VyfSVwWqwC4SRT99%2BKy%2Fm0d%2BgYWHtEf61Jo5CNclKwvLyA%2Fys%2F%2FHPPajLAv6mDD2uTNJECH9p%2Be0Yi2NmcbgLr0lu2cCLGgyX7c%2BveCBZaqYtj1zvPLl5obaRbyQblmAV%2Fxm69oTLQhvIovziKuqi6lvlwe2gIVAf2UAlXTdy6Sn%2F2yromYu89VyUtLU1kK8aEyYeZyQE6%2BgHBxm8wqwzifJIlrnLxUYOrHxKjRp2D9pkBhcJdqPQCXkTK1s3piY0W43aIWUe83IvQvcLTo9Sm7EMerUll4psYjoLSv5SYzis5SVdiBAX6a8Rg4OPtThFM2yPBsnrKnNGz%2Fw5EB9JIRzfzAZXoRSCXaiZZd0C6e2Zyps4U6T5DErBvcQeIaAGIIQRnJcrzv7qxQEnNsF4jM%2F5rJALr0o0mImtqaMHAJkj0DAJXiYJNZCZnaaKHpXS6Mv4W3fhwWaFCq2TWes%2F6qArt2P8ekTeYORWhZ3SMHTcLlpircdRzUgq1JIslBmdxaTx7xO1%2BPPoWw%3D%3D&nvMid=29030296587&catId=50001519
SK아이폰14 프로맥스 플러스/정식출시/Apple i-Phone14pro max plus,"1,085,500원",https://cr.shopping.naver.com/adcr.nhn?x=Qk5CpBMVLqTgUX92glB2Pf%2F%2F%2Fw%3D%3Ds4p1wDXH3PPv5zEmOwamPDU3CHyisn2lWdVRa2KaFkBbxTAJR5s3V3RheLYZrm3hTbtXv0xrP633XVfy23IwMLGjPDmi29PPlaoQ8HDPCmqEDItjCk5xiruDDsqalJb90Q8clOVLsTnQISOuIKrvizjs5w08y2csmjkAhe%2BjjivpAe7EJoYF1vNeUZVQcxIUVZ2kLIk64L25MKCCoQsLikh7fzaQWC%2Br01DoeqLZOHI2l2Sp5tJfmCAmi3L88%2FInQNAuReToXVXQ1bBladdSKdGvqR2unsG9Pw6XBns%2FftjJmn%2B6FVZ%2Fm0w7K7lHYQAO7HvuWontJy%2BZBD2HlH5QgNtRK%2BQq3e9Wb0lhes%2BxX14ErJfBKr9y5gojJKESjs62pltkJgPnfKMW8hHdHeviEX8uBCda0BcVoAk2qk1RQwQ9k6CRJWLkE5gaiHmaZSisQbiyBEUJsI6gp2DtTcmNgu5xnK8oCYKw4ZKAzgx6ydR%2Fe7umSsxLWP7x8lNDGbgIUvs0Mrl5WffdGfve6yzYfzuaFP0QLdC%2FUJAlOxoX9bj90qOQpjrg1k3Jmm7teXddSwpHdgqUP2oYCXqBf0e9k7goGaXpJfa4wQmTEPbPLAhM030u6W0GUce78PDzbFwrIVoWd0jB03C5aYq3HUc1IKtSSLJQZncWk8e8Ttfjz6Fs%3D&nvMid=32923981942&catId=50000246
Apple 아이폰 12 미니 256GB [자급제],"899,990원",https://cr.shopping.naver.com/adcr.nhn?x=U%2FS2aUNfJdcfIprNwxGTkv%2F%2F%2Fw%3D%3DsAznzMWyrmjdNIeovV2fDp6Q1JZfIgkUpK9oJ1cz4AZVyoYErd7Wx1dfdVO6hh7qVZ39skVey9Efiu8WWP8RjeOE%2F24CTAr5s4tD5XXksNl6pn2znaV%2FIvbGOvKm5DlH7Gpsha2QvdiRcIOusPtkGS8v%2BjB2erv%2BZ%2Brrs5VHOiTQgGE7%2BZatKjf5hEf1XctkKeTNT0LimHKmcvojpMBZ%2BxpbkCnZt3PKDnGtnPfTpWXW70X%2Bc69RDUtp4VADkWf9%2BENWZxoI0JDXz%2FR5soZTp4d9%2BKy%2Fm0d%2BgYWHtEf61Jo4AUk0tbEb%2BPaAR8Zvsauh4R1oXZESZDseXt8JRqUNjOYKtrlk2rFCJgdgJzpJuP7HYe9CsbWrnsboog%2B94RL%2FIDtx5UhPDKk9VO6DihRxuuLXLdopHl%2FAe3rfAfSbJNjdFx37WIyrziE4Ps6WrDu%2FECRA6yrNeIMs2EQnfFiH4q%2B5jnTGDpKGObFTyhFRkGDTL%2FnGINkSYp%2Bd2xAAY7UDn1eaE%2BUIzmrP50zrIL8PdRrotVLNHFydM0dNbF6CyCqERpOFzCbaM6OU97uoPifjrvXPfu8%2FsdeSNmeq8d%2BHeWtKG4CStoPOIgjoQuE%2Fb4B7Njqh%2FZemCCOboDhnweAmG&nvMid=24452857526&catId=50001519
아이폰 SKT 아이폰14프로 iphone14 pro 제휴카드/플래티넘/사은품,"923,000원",https://cr.shopping.naver.com/adcr.nhn?x=M0UiC4chpA5EelE8FePwBv%2F%2F%2Fw%3D%3DsPN5vz%2FKosGonethwUC5iUaAC4ly39JikNNGBY6zhoVZyoYErd7Wx1dfdVO6hh7qVVTqzSB0C1ReKj%2Fpui1lVHuE%2F24CTAr5s4tD5XXksNl6pn2znaV%2FIvbGOvKm5DlH7%2Bge0wJ4V0zi413dY58VDmr%2Fgzjs3ZMj68ozxrVNKBpie7Oz%2FlOz%2BN2Dimowiv1fgM9u416N630yG6nxt8upC8iw4mhiEHTOYeSAzj%2Bcat2jPdfRpop68ik8HFtJZfdDZ5%2FV3PgXAvIuUseM1FTYeTbHMrTWwEqk%2F7nwm3l1CQIwnQEDk3n9C4R3Zzg2xrFz6w6ZjbtkbN7RD61dGUzg7G1qsmhWtsS26cBgiQoajA6qWQPxCx7T1elK1Teb5VzNlFoqDarGVBp8JijlJZzgikKQwaksFbGnHPv9GhbZtxRuDjSdU6Zm4DzCLdQ92svrnXl7PCYSq9cP300KINpRopL%2Be6QZyl15pAY6QSg%2B0VxYIeOevaxikU1Eug86SaeJ71SFAYYBqbZAp9vhu%2F%2BLqWhTtR%2FYkpsl38FU%2Bv3Z%2FTeiI8Jl4ToYmnhHAA%2B4EdvFFDKklhpbMcPGbqqITV02F%2FwwONvz2V6w0Kv4dvRasTQy5PcsdixOKM84nfw%2BU7IK6SRNVhsiT5TmkxM5%2BPn57B8v%2BUQv1zLen31yggVGao33LE3uyjB%2FdsGzNM4U1DG8JDVCYCaeglF2rgr1u2OQIzQ%3D%3D&nvMid=34835313295&catId=50000246
Apple 아이폰 11 프로 64G [자급제],"785,400원",https://cr.shopping.naver.com/adcr.nhn?x=%2BfpcHrCGNY%2BlAW2GnDqux%2F%2F%2F%2Fw%3D%3Ds4cNRcIrzoD9PM9P2bgfOHwTjRiaIAmGaE0kKn4pfXSUAjU5j3gjlMYsRq8%2BGHFpSJVqeuYLSDmoyRfslfsDfwYsUZE82RU3zVRD0sL6N8xhp0I9ftxYjdaSrmeQryu5NVYO4Zy0VyfSVwWqwC4SRT99%2BKy%2Fm0d%2BgYWHtEf61Jo5CNclKwvLyA%2Fys%2F%2FHPPajLJ1g7PmkjLppTbUtO9Ccmq2NmcbgLr0lu2cCLGgyX7c%2BveCBZaqYtj1zvPLl5obaRbyQblmAV%2Fxm69oTLQhvIovziKuqi6lvlwe2gIVAf2UAlXTdy6Sn%2F2yromYu89VyULguy4L8huLhksueLV20UfPL5eOczBRH%2B6BHdAvoljjJKjRp2D9pkBhcJdqPQCXkTAHEn7ZNRaWMym%2Bk7iInrd3LOFYgvpDu02X6zshRDfmsLSv5SYzis5SVdiBAX6a8RoPkdZfxqF1UHda7wGEe8J4F9sc7I8I%2FKjQrBiSjpw4AUVxRG4ldwD1%2BkE4NgSPi6c54qxuWh7CHQSd0s0viHLBdjaTqR%2Fl%2BWsBCytg9uChJicchwRNwmJ84TyxvjggzFL8nq5CWX4ZGvV7ipzQbazWEN9xg%2BsAtrI%2BydaRp094vke%2FVP%2BgM94BPZkP5YJ%2Bex&nvMid=20858385976&catId=50001519
[아이폰] 애플 아이폰14 프로맥스 256GB 미개통 새상품,"1,892,000원",https://cr.shopping.naver.com/adcr.nhn?x=D%2FlGIMpa1sZtXJfgk1LAr%2F%2F%2F%2Fw%3D%3Ds27to9sZ1ma4O3QB4iHsEMiUmroiUCkc4LyttbV%2FzNbLxTAJR5s3V3RheLYZrm3hT2hjXA%2FpNQ%2FxQ%2Fe0WZdb%2Ba2jPDmi29PPlaoQ8HDPCmqEDItjCk5xiruDDsqalJb90C5mWZF8m%2B4s1Pfg2Ed5I%2Fq6QVZPiLJX6LDO2IyWho6j6CPvnQS3L06iVD%2FriZ%2BDVQVz7WmyrRrm0C1dEho9IKLjtp1QlwzPso1dtAnnKqzWYZ01Te9zTWyrK4mmar%2F2kGtB53JPm54wJUUBD6qUCTOkNA7Dbw3OcllsoyBShPBSrCRdUxvA177jl0VodmokhNUJnit2TyE8yh3GxJ0fiPGhskwVjh3FGWKT8geGDXmOZdQ55A1aOQ%2Fc56tk5C%2Br%2F6nYt0P5vFdgOY0ddt5wMGfG8v0DprSqGJdDrSerMDd4Av7Fz2Lt8CWQx%2F3YK9l72Wy9F8jHQmgfOmXFp7SM7YahYahypTALRtOsn3ak2p5XjOJM5%2FF4ynXgCwhYrQnHnN%2FLUNfJJS97aBc68aRLJp4bD0lQ0LOc6bS2L%2FdkB%2BXgglUaJ7UwgKcDgzC4D0VH3S2qiX3dBX7vA085lXeWC6I17IgSR3dtob2c%2Fg5QuSI8aIbT4wPT2RVq4kndhIVrURkm3xL1CNzRBFYubgnrmnuG8cPHowhCmW4h63wHLRQTLVWGr8fvvH1mWvUgXPK6j&nvMid=34972375888&catId=50001519
Apple 아이폰 SE3 256GB [자급제],"759,050원",https://cr.shopping.naver.com/adcr.nhn?x=gyufCr%2B6dHgwTPOMFYMO9P%2F%2F%2Fw%3D%3DsZ4LhFvb5Q0KJ88gQgnjpyeo8Nluqkf%2FsqPih7s6LgsFyoYErd7Wx1dfdVO6hh7qV9WD74gbrlXvYlCySY3Y3ceE%2F24CTAr5s4tD5XXksNl6pn2znaV%2FIvbGOvKm5DlH7Gpsha2QvdiRcIOusPtkGS8v%2BjB2erv%2BZ%2Brrs5VHOiTQgGE7%2BZatKjf5hEf1XctkKe%2FhUW7kx5smxcfLniEmB2ZbkCnZt3PKDnGtnPfTpWXW70X%2Bc69RDUtp4VADkWf9%2BENWZxoI0JDXz%2FR5soZTp4d9%2BKy%2Fm0d%2BgYWHtEf61Jo4AUk0tbEb%2BPaAR8Zvsauh4Nknwmm9n7YbFjTFt36rotDrTwsqRDboQPauXfIZWuGnYe9CsbWrnsboog%2B94RL%2FIYyR5Mo%2BJhDAUfRCuCXmZV2AsD4Am4BRQkotJfFVuDLFFx37WIyrziE4Ps6WrDu%2FEeW4JWoN6d240apMkae3CuQ9Uv7%2BuXk8s9e0jSRo%2Fw%2BSYp14Qx1Ru2bMMjgBrsdBx5Yswywnc1J5ai2Ae7CgYS57wv26%2F0AEhepD80qSkFcAUsQqT2bBM12LqOkIX7H%2F9qbbFWIbRushGAnr1f5IjHC6fruMZzndiZ2QYIlJ9ozaCqA6%2BrrPkSkQjk3bFq%2FUy&nvMid=31334403620&catId=50001519
Apple 아이폰 12 미니 128GB [SKT],"25,000원",https://cr.shopping.naver.com/adcr.nhn?x=z4L%2FuaRy5iEL%2BVnzQ08YKf%2F%2F%2Fw%3D%3DsoZvwJ2Ru58y9ILc4PPI5jrRB3svYr1tjU41rlDoshn8AjU5j3gjlMYsRq8%2BGHFpSBJlFStfntIa5FKvlxEqA%2FYsUZE82RU3zVRD0sL6N8xhp0I9ftxYjdaSrmeQryu5NVYO4Zy0VyfSVwWqwC4SRT99%2BKy%2Fm0d%2BgYWHtEf61Jo5CNclKwvLyA%2Fys%2F%2FHPPajLu7sFo9lbuKn6ji8vKyB04WNmcbgLr0lu2cCLGgyX7c%2BveCBZaqYtj1zvPLl5obaRbyQblmAV%2Fxm69oTLQhvIovziKuqi6lvlwe2gIVAf2UAlXTdy6Sn%2F2yromYu89VyUoEY0zY2JSB1TVAOhRisUOwggJw7DI8cFgu9OPEPw7R9KjRp2D9pkBhcJdqPQCXkTxK0H7XlNA9Ck%2F%2Fn1rc%2B5Ag5WEp3T%2BnXqULisW0mgBioLSv5SYzis5SVdiBAX6a8Rn4HXV%2Fn3nqoELYMBtRBe%2F1IJR2EXR0Dy7PUtPiUWKgLyNHyBUXwWVD2ki0TxnNzydr1AovHeUOZ61W%2BgNEAnYTwHvIdf0CDoiruXBDh2xAC%2FhgaMkJIhbUi8HFdPXAb33iNlU7LEKAQ2wOmaGqz4Kq%2Fo3Cl9PuGUOrNZCZnY4p8OEsHC78VBLnFZh%2FnDobeN&nvMid=24451151531&catId=50000246
Apple 아이폰 12 프로 512GB [자급제],"1,337,730원",https://cr.shopping.naver.com/adcr.nhn?x=JMh4Jb8yioX4GdkWb4GwdP%2F%2F%2Fw%3D%3Ds59DmnW4iFNcNv2vonTMngKLLEYU8cvApjKXS8Z8tPklyoYErd7Wx1dfdVO6hh7qVlP%2BZ2yK%2FR3V3f3l4ducxbuE%2F24CTAr5s4tD5XXksNl6pn2znaV%2FIvbGOvKm5DlH7Gpsha2QvdiRcIOusPtkGS8v%2BjB2erv%2BZ%2Brrs5VHOiTQgGE7%2BZatKjf5hEf1XctkKLcGXgeGNeiYBDcZUcbIGAZbkCnZt3PKDnGtnPfTpWXW70X%2Bc69RDUtp4VADkWf9%2BENWZxoI0JDXz%2FR5soZTp4d9%2BKy%2Fm0d%2BgYWHtEf61Jo4AUk0tbEb%2BPaAR8Zvsauh4YDMlcTiIcWCHjYv%2BnbfBK1utioS%2BGUGh0E0vXcJaiJzYe9CsbWrnsboog%2B94RL%2FIL2IKY3izvlPy3BbiZfIY8IxeAVJCuM0Y9TruIeaJMzRFx37WIyrziE4Ps6WrDu%2FEH2%2FzLgPmkyFYWA1g1A5CGdYrmhd6z3mr51lBlAzJFvLL%2FnGINkSYp%2Bd2xAAY7UDnM9nPpmUm9Jowk864mbmOpi%2BCO8gO12%2BuL%2F74zHmI2v1icchwRNwmJ84TyxvjggzF5Y%2BBR7uSouX79vBjna07TkgT%2B%2BzSi5VHe7WYq81UzMXke%2FVP%2BgM94BPZkP5YJ%2Bex&nvMid=24453088524&catId=50001519
Apple 아이폰 13 프로 1TB [자급제],"1,928,500원",https://cr.shopping.naver.com/adcr.nhn?x=vUs%2BnioJt5Zk9DXLAlRbXf%2F%2F%2Fw%3D%3Ds9%2B7k73JS%2BkTE29pJaN%2FzyUDnkCIbC7sqYsCqic9nJYwAjU5j3gjlMYsRq8%2BGHFpSj2vjf56py3sPvQE1zoUboYsUZE82RU3zVRD0sL6N8xhp0I9ftxYjdaSrmeQryu5NVYO4Zy0VyfSVwWqwC4SRT99%2BKy%2Fm0d%2BgYWHtEf61Jo5CNclKwvLyA%2Fys%2F%2FHPPajLnGSGtfC7HsVtItJ58Wx%2BqWNmcbgLr0lu2cCLGgyX7c%2BveCBZaqYtj1zvPLl5obaRbyQblmAV%2Fxm69oTLQhvIovziKuqi6lvlwe2gIVAf2UAlXTdy6Sn%2F2yromYu89VyUAFS67DCE6GIhgjnyy%2BgV6yJ%2BN4TKOeUh5v7Q6431ogtKjRp2D9pkBhcJdqPQCXkTJTyOtdpNmqs6E%2FnW3NDtTp5ENhlNoaBccY7%2BVndAI08LSv5SYzis5SVdiBAX6a8RKlG0H56J6GhRAoCVIyo%2FGb6wTyZTOa8p8nD0SxKNNSAUVxRG4ldwD1%2BkE4NgSPi6NNotVOjABJjx1NK3Vtd%2B8y3zae%2FFQR73a89VtANJhFuIDf9TYDOC4LzgCehLsur5kkgPMpv14xlqWvTHuG65959RDtdfDD%2FUbKeNkS7QJotXc50eBITwugSNPH3Ok09sVpGw61BSdoQRvEGgfFlc5w%3D%3D&nvMid=29029192588&catId=50001519
Apple 아이폰 13 프로 맥스 128GB [자급제],"1,995,890원",https://cr.shopping.naver.com/adcr.nhn?x=xnvxf9GslTJaplwcT5UELv%2F%2F%2Fw%3D%3DsdVf%2BXRGFdEDCi71Wwse6wpvPbNDKQy49GVsjLByuHDrxTAJR5s3V3RheLYZrm3hT0U3uh6ND0WRjfhfvtqtks2jPDmi29PPlaoQ8HDPCmqEDItjCk5xiruDDsqalJb90VJ112Rmn4245QTfXgvfd3FVd6Z%2BmZ5fvTALbBBPmfKL392rcVj5mouEkJq8zyckj56lZJDGuPPxxyl97Ew2nEjMYBx1AVSExF%2FJDG79qxZqtOXWLQ5FVamlFAo%2FJOq1i3ImaEC6MPwOT6vbx%2FADpg8v%2BjB2erv%2BZ%2Brrs5VHOiTRLlIk0uAh1LVcUK1nkYRMYf%2Fuwiy8mRqGBiwv13POUZT1nRJ4yoQ1ByXgZXYF4asUr3wpohlrhUETRXnCpgZJOE4AWgStM178klhdhIATUeAp3GmZH8572EBGDELnqRN19jr8eNdNYNsPM9vHnSTJR3lPBSWs88ADvGRE4aHtz8s1f2W2ebCJBoDdgw6Y8TM9D%2FkFMO4s7sTx4sbc7XXXQvaOjGxMtdSZf0nL3LrxHbNgL1HalX3t2VOHafK4eicpPwCXFJiRdosf3os3K%2FWn1NQVebIxbNxYAs3Pydxmy%2B1xIsWuagYwvmfOEEA7zHpFvU2Y6hEEwGxc1AZfON9sL4VRAH%2BsMDObarUodGweR8Q%3D%3D&nvMid=29030367587&catId=50001519
Apple 아이폰 13 128GB [LG U+],"148,180원",https://cr.shopping.naver.com/adcr.nhn?x=7mO2JVhxbOMagMDzLA10Q%2F%2F%2F%2Fw%3D%3Ds0W7KWTPebMCNO6YYdu6u6pbBGmAFwLkfPXwtduFGgnHxTAJR5s3V3RheLYZrm3hTR4xWMFuXlJHAoLIxfVAsmGjPDmi29PPlaoQ8HDPCmqEDItjCk5xiruDDsqalJb90VJ112Rmn4245QTfXgvfd3FVd6Z%2BmZ5fvTALbBBPmfKL392rcVj5mouEkJq8zyckjlBI%2BKTF5bAOjBY2zAIHkojMYBx1AVSExF%2FJDG79qxZqtOXWLQ5FVamlFAo%2FJOq1i3ImaEC6MPwOT6vbx%2FADpg8v%2BjB2erv%2BZ%2Brrs5VHOiTRLlIk0uAh1LVcUK1nkYRMYn6o4wEoVCmYybeDu2npldz1nRJ4yoQ1ByXgZXYF4asXC7gxPqwkZ0M%2FPziqrHXoPi%2BXkiOikWWcmstA17MBS3wp3GmZH8572EBGDELnqRN19jr8eNdNYNsPM9vHnSTJR1Os4U7MFPLRHT71B7r0nKg5OchN5dQiIYBPe0c5zQZtMqjkKeUus749pxswvlfERI5bykITWqCaJhlqgfKc4qogN%2F1NgM4LgvOAJ6Euy6vmp1miqO6wBnV029DSSEuor2GZJMX%2BZps0CFWIB3py78ldznR4EhPC6BI08fc6TT2xWkbDrUFJ2hBG8QaB8WVzn&nvMid=29030372586&catId=50000248
Apple 아이폰 14 플러스 256GB [자급제],"1,424,990원",https://cr.shopping.naver.com/adcr.nhn?x=LxEcpj1HRWI2io0%2BM7Q1kf%2F%2F%2Fw%3D%3Dsk0WCDvxOfUNyQb9g2u%2BTDnrbdoFgtOTNurW563U35aNyoYErd7Wx1dfdVO6hh7qV32wHcjzrX5AInd0HQEvx3OE%2F24CTAr5s4tD5XXksNl6pn2znaV%2FIvbGOvKm5DlH7Gpsha2QvdiRcIOusPtkGS8v%2BjB2erv%2BZ%2Brrs5VHOiTQgGE7%2BZatKjf5hEf1XctkK%2BQSydwzwWoyNryjK%2BX%2BcG5bkCnZt3PKDnGtnPfTpWXW70X%2Bc69RDUtp4VADkWf9%2BENWZxoI0JDXz%2FR5soZTp4d9%2BKy%2Fm0d%2BgYWHtEf61Jo4AUk0tbEb%2BPaAR8Zvsauh4nFWqpM%2FVgfLUJ3y84SB2gHyDyz2xhLY%2BZKOW1puj%2BQXYe9CsbWrnsboog%2B94RL%2FI%2FSZpGotLAfMfOGR7%2BGXSjHw644bL9NA6sPWs92IrdCBFx37WIyrziE4Ps6WrDu%2FELGLt1iMD4xtJLtTW9W51ynzIIpPoY%2BGGxV4q7xMEjWeZZd0C6e2Zyps4U6T5DErBZCJVU7bdVikYLVtI1sedQNdqWV62esOhcogrSGwR3H2tqaMHAJkj0DAJXiYJNZCZWrFXfLfyPZD0I6SN0Eyd71EBDYNeWEKHKeP2%2FPrDs8gDfkLIyuldBS3f8m8e6nLmzUhNzs2VE%2B%2Bisqs3JAEppg%3D%3D&nvMid=34562947618&catId=50001519
Apple 아이폰 12 128GB [SKT],"249,990원",https://cr.shopping.naver.com/adcr.nhn?x=jpccL%2BPezZP9Iulo1Klwcf%2F%2F%2Fw%3D%3DsU36cHkp9y4039dYXnYsJob9QQFFBYb8QKPwDPjNdqbTxTAJR5s3V3RheLYZrm3hTY2OFF7cMyVcDFQNwF8c6NmjPDmi29PPlaoQ8HDPCmqEDItjCk5xiruDDsqalJb90VJ112Rmn4245QTfXgvfd3FVd6Z%2BmZ5fvTALbBBPmfKIs4LwOhnQFpCqQ9mUlHkBKMT9VqCxPj9P9ipmnxVDi0jMYBx1AVSExF%2FJDG79qxZqtOXWLQ5FVamlFAo%2FJOq1i3ImaEC6MPwOT6vbx%2FADpg8v%2BjB2erv%2BZ%2Brrs5VHOiTRLlIk0uAh1LVcUK1nkYRMYk63j4Pu2to%2FWFsEnzMN7Dz1nRJ4yoQ1ByXgZXYF4asWGpoKWOXMtXYYrqzm325TqNUIQS2p4%2BQwhYgHIZAGtBAp3GmZH8572EBGDELnqRN19jr8eNdNYNsPM9vHnSTJRFFuGN6egrcDL8L1jJtoWchh7U6rJyTPBx3OKAll5fKOeNjqys7fi7Gm9251fTRXdNEe1qILdXjlhsNSTyE%2BVXBGk4XMJtozo5T3u6g%2BJ%2BOvEIOZTqWwdi4BkNALBB0kEkCE9UgSvoVUHCg7JtiH%2BbccgIRCk8vtGb7Z%2FKGMSEdE%3D&nvMid=24451216531&catId=50000246
Apple 아이폰 11 프로 256G [자급제],"903,650원",https://cr.shopping.naver.com/adcr.nhn?x=a4tMErwyVy0uWOWRaSRMwv%2F%2F%2Fw%3D%3DssABwQGRQEkev74QwwNRr2hfNyufQcEmYRseBXTtNZDByoYErd7Wx1dfdVO6hh7qVHbped%2FbKUOPCtjWARu7H1%2BE%2F24CTAr5s4tD5XXksNl6pn2znaV%2FIvbGOvKm5DlH7Gpsha2QvdiRcIOusPtkGS8v%2BjB2erv%2BZ%2Brrs5VHOiTQgGE7%2BZatKjf5hEf1XctkKjf0Jh8Zf2PJruzB9FniDK5bkCnZt3PKDnGtnPfTpWXW70X%2Bc69RDUtp4VADkWf9%2BENWZxoI0JDXz%2FR5soZTp4d9%2BKy%2Fm0d%2BgYWHtEf61Jo4AUk0tbEb%2BPaAR8Zvsauh4NaZi84sVouwzUvwY8uWoVcRaHeIL19rZ2iN5ZKM8UOrYe9CsbWrnsboog%2B94RL%2FIFQ8ggAXsFNDhpQKvgJpP2OsmIk%2Bfb4zcUDT2ZyF3vsdFx37WIyrziE4Ps6WrDu%2FEBfWmW%2FuSVZFO1XE82yMi%2Bjp7%2FYRkouyxyNmAbYu6zo2E4FQdvRmo7oxOSvwywmch%2BcbWHNvY908uh9ozGL79t0NReNpilRClX%2BUaFWbV0QoSzxwVRNV%2FYRemZK5z1sCEfiw0fJQC8emrZDb%2ByyDWwt3ODVZFrosvlZS0p6o7V2vNjqh%2FZemCCOboDhnweAmG&nvMid=20858389068&catId=50001519
